"","rec.id","gender","gname","fname","phone","postcode","age","occup","dup_number"
"1",1,"f","kbloe","weaver","357781433","943","45-54","D",1
"2",2,"f","elizabet","grave",NA,"913","45-54","C",1
"3",2,NA,"elizabeth","graue",NA,"913",NA,"C",2
"4",3,"f","amelya","re8d","318240008","614","35-44",NA,1
"5",3,"f","amelia","rejd","318240008","615",NA,"A",2
"6",4,"m","lacglan","godfreh","292141141","602",NA,"F",1
"7",5,NA,"nathajn","fogg","4832o3508","905","45-54","C",1
"8",5,NA,"nathan","fogg","484203508",NA,"45-54",NA,2
"9",6,"m","riley","gardenier","741860886",NA,NA,NA,1
"10",7,"f","larissa","heatley",NA,"902","35-44",NA,1
"11",7,"f","larissa","wheatley","334356098","902",NA,NA,2
"12",7,NA,"larissa","wheatley","334356998",NA,NA,"E",3
"13",8,NA,"mitchell","vanixetti","740601357","605","55-59",NA,1
"14",9,NA,"brock","richmond","805063947","607",NA,NA,1
"15",9,NA,"brocm","richmond","805063947","607",NA,"E",2
"16",10,"f","emmta","green","46453782","904",NA,"G",1
"17",10,NA,"emma","grexem","416453782",NA,"25-34","G",2
"18",10,"f","emma","greed","416453782","904",NA,NA,3
"19",11,"f","gabriella","garnsey","841131166","6092",NA,NA,1
"20",12,"m","dominoc","hingson","768261449","617","35-44",NA,1
"21",12,NA,"dominic","hingston","768261e49","617","35-44",NA,2
"22",13,"m","lachland","mnalpqs","828535691","607",NA,"B",1
"23",14,"m","antony","ryaj","857020275","60e","55-59","G",1
"24",14,"m","anthony","ryab","857020275","6403",NA,"G",2
"25",15,"f","aprilg","shelfock","803945110","615",NA,"G",1
"26",16,"f","alic","matthews","773828519","9o6","20-24",NA,1
"27",16,NA,"alice","matthews","773828519",NA,NA,"F",2
"28",16,"f","al'lce","matthews","773828519","9806","20-24",NA,3
"29",17,NA,"jarrod","bertagno",NA,"617","35-44",NA,1
"30",17,NA,"jarrod","bertagno",NA,NA,"35-44","C",2
"31",18,"f","kaitlinq","campbell","283423839","90s","35-44",NA,1
"32",18,NA,"kaitlin","carnpbll","283423839","995","35-44","D",2
"33",18,"f","kaitlin","camppell","283423u39","905","35-44",NA,3
"34",19,"f","cbloe","co1enan",NA,"600","45-54","E",1
"35",20,"m","benjamin","longhurft",NA,"9037","55-59","H",1
"36",21,"f","matisse","brusce","N","6oz","55-59","F",1
"37",21,"f","matisse","bruxe","716784591","602",NA,"F",2
"38",22,"f","kiri","spark","813074926","60q","35-44",NA,1
"39",23,"m","finlay","donaldsoy","484163919","6pe","35-44",NA,1
"40",24,NA,"lucy","tiller","400071937","603",NA,NA,1
"41",25,"m","angus","hoffman","7766i6910","905",NA,NA,1
"42",26,"m","edhan","tipplns","440397921","617",NA,"A",1
"43",26,"m","ethan","tippin5","44039792","617",NA,"A",2
"44",27,NA,"bailey","malingar","210459922","6p2","20-24","D",1
"45",28,"m","millanw","egaj","207121776","605",NA,"B",1
"46",29,"m","jae","priest","447212248","60q","35-44",NA,1
"47",30,"f","jade","ryam","3593e7112","913","65p",NA,1
"48",30,NA,"jade","ryan","359337112","923",NA,"A",2
"49",30,NA,"jade","ryan","355337112","z91e","65p","A",3
"50",31,NA,"sophie","riel>ke",NA,"614","35-44","F",1
"51",32,"m","dant","hage","429923694","6|8","55-59",NA,1
"52",33,"m","jaclc","blace","473839696","617",NA,"B",1
"53",34,"f","cjristina","benjamin","87842q086","607","45-54",NA,1
"54",34,"f","christina","penjamin","878424086","607",NA,NA,2
"55",35,NA,"danika","murton",NA,"602",NA,"A",1
"56",35,NA,"danika","murtor","787108233","60z","65p","A",2
"57",36,"f","rebefca","crokeah","498257z86","607","35-44","E",1
"58",37,"f","chloe","omahoney","245160413","60",NA,"B",1
"59",38,NA,"fergus","mile5","806892112","913","25-34",NA,1
"60",38,"m","fergus","miles",NA,"913",NA,NA,2
"61",39,"m","etham","am:et","204626152","615",NA,"C",1
"62",39,"m","ethan","amiet","2404626152","615",NA,NA,2
"63",40,"m","penjamin","green","899167477","607",NA,NA,1
"64",41,NA,"griffin","rosada","22473929u3","600","25-34",NA,1
"65",42,NA,"evan","traforti","7512868117","611",NA,"A",1
"66",43,"f","stephanie","laing","351792090","60",NA,"H",1
"67",44,"m","nicholas","fenele","88085q773","902","60-64",NA,1
"68",45,"m","jayde","shepherd","7789t4170","905",NA,NA,1
"69",46,"m","chda5e","richmnd","826020340","15","25-34","C",1
"70",47,"f","epony","guawinso","352075176","615","25-34",NA,1
"71",48,"m","siarran","schukann","403229258","611","35-44","H",1
"72",48,"m","ciaran","schumsnn","403329258",NA,"35-44",NA,2
"73",49,"m","rile7","gioia","3261705347","615",NA,"A",1
"74",49,"m","riy","gioia","326105347","6l5","45-54",NA,2
"75",50,"m","levi","manard",NA,"603",NA,"H",1
"76",50,"m","levi","maynard","72q883988",NA,NA,"H",2
"77",577,"f","georgia","handberg","342869350","612","25-34","A",11
"78",578,"m","sam","noble","764483022","615","35-44","E",11
"79",579,"m","blake","wyllie","774773513","602","45-54","E",11
"80",580,"f","chloe","ryan","778342775","906","45-54","B",11
"81",581,"f","katharine","jolly","368030335","607","60-64","A",11
"82",582,"m","joshua","gigney","858569892","614","35-44","A",11
"83",583,"m","tommy","nguyen","314934863","607","35-44","D",11
"84",584,"f","lauren","tapper","289584261","615","25-34","A",11
"85",585,"f","jessica","feeney","796173979","615","45-54","G",11
"86",586,"f","elizabeth","ryan","820977739","604","45-54","G",11
"87",587,"m","dylan","hope","781030816","604","25-34","E",11
"88",588,"f","monique","stranger","862552593","615","25-34","H",11
"89",589,"m","cameron","leicester","753055314","615","35-44","B",11
"90",590,"f","emiily","wardle","280848954","615","35-44","E",11
"91",591,"m","james","timbrell","806555051","903","45-54","D",11
"92",592,"f","felicity","katarski","879229631","902","25-34","B",11
"93",593,"f","alice","lowe","831910122","913","45-54","B",11
"94",594,"m","lukas","dixon","299203224","607","55-59","B",11
"95",595,"m","lucas","headon","428546385","903","55-59","G",11
"96",596,"f","alana","purbell","892358950","914","15-19","F",11
"97",597,"f","erin","fitzpatrick","426258582","611","55-59","C",11
"98",598,"m","marcus","jolly","785395025","902","15-19","F",11
"99",599,"m","jack","breheny","433028270","600","55-59","D",11
"100",600,"f","erin","mercorella","823510103","617","35-44","E",11
"101",601,"f","shakirah","genovese","216464774","617","35-44","C",11
"102",602,"m","jayden","thorpe","728289985","903","55-59","G",11
"103",603,"m","hugo","fotopoulos","257178937","615","45-54","A",11
"104",604,"f","talia","kunoth","347500768","902","15-19","H",11
"105",605,"m","dylan","ducrou","295421044","602","45-54","H",11
"106",606,"f","shai","kolodziejczky","329592404","615","35-44","B",11
"107",607,"f","emma","elks","797109977","905","35-44","G",11
"108",608,"m","jack","reuter","216407327","902","35-44","E",11
"109",609,"m","alexander","webb","873009294","600","45-54","D",11
"110",610,"m","joshua","tossell","739927442","600","20-24","G",11
"111",611,"f","holly","haar","244742910","602","25-34","G",11
"112",612,"m","elki","kerschke","267328767","905","25-34","C",11
"113",613,"m","zac","campbell","330001737","906","35-44","H",11
"114",614,"f","jessica","fitzpatrick","719304990","913","60-64","C",11
"115",615,"m","james","schnackenberg","280346509","905","35-44","C",11
"116",616,"f","alannah","mccarthy","489707421","913","35-44","H",11
"117",617,"f","grace","bottroff","355683758","600","35-44","E",11
"118",618,"f","lucy","berry","885834517","604","20-24","A",11
"119",619,"f","montana","garforth","707896247","620","35-44","B",11
"120",620,"m","joel","white","865822818","615","45-54","B",11
"121",621,"m","daniel","clarke","273746191","913","35-44","E",11
"122",622,"m","ryan","binns","404182044","607","55-59","B",11
"123",623,"m","nathan","lodge","378084387","603","45-54","B",11
"124",624,"f","gracie","hazell","246748784","914","45-54","F",11
"125",625,"m","jayden","rhyne","817573014","913","35-44","D",11
"126",626,"f","emiily","beaumaris","375398911","615","60-64","H",11
"127",627,"m","kayne","hannagan","344143628","604","35-44","E",11
"128",628,"m","aidan","ryan","403023848","906","20-24","E",11
"129",629,"m","campbell","greenhalgh","355063768","904","60-64","E",11
"130",630,"f","naomi","ramey","206877185","905","20-24","D",11
"131",631,"f","emma","meadows","205025450","611","45-54","A",11
"132",632,"f","ashleigh","hyland","287299346","615","20-24","B",11
"133",633,"f","felicity","berryman","214837537","906","35-44","B",11
"134",634,"f","jessica","grosser","250099936","614","35-44","E",11
"135",635,"f","isabella","nguyen","437306260","913","25-34","E",11
"136",636,"f","holly","campain","847321652","609","65p","A",11
"137",637,"m","benjamin","grooby","228917785","604","35-44","C",11
"138",638,"f","kaela","worre","715647604","615","35-44","D",11
"139",639,"m","james","rauseo","374661361","605","20-24","E",11
"140",640,"f","mikaela","butt","747634528","913","60-64","A",11
"141",641,"f","brooke","rawlings","821207360","605","60-64","H",11
"142",642,"m","william","boothroyd","442636371","615","45-54","E",11
"143",643,"f","alissa","white","226301169","615","25-34","C",11
"144",644,"m","michael","wehr","751004742","905","35-44","A",11
"145",645,"f","phoebe","mazzone","778646056","906","65p","E",11
"146",646,"m","flynn","westbrook","887693800","615","20-24","F",11
"147",647,"m","matthew","lehane","806754483","600","45-54","D",11
"148",648,"m","hudson","sommariva","426751241","611","45-54","B",11
"149",649,"m","benjamin","neville","487621197","603","45-54","C",11
"150",650,"f","emiily","ho","817524974","602","35-44","B",11
"151",651,"m","joel","chuck","428138520","617","35-44","A",11
"152",652,"m","joshua","white","470684418","611","35-44","A",11
"153",653,"f","hannah","boyle","752339206","902","15-19","F",11
"154",654,"m","thomas","nguyen","801952094","603","55-59","B",11
"155",655,"f","kierra","robson","487379290","612","15-19","D",11
"156",656,"f","hayley","ryan","264439507","611","20-24","F",11
"157",657,"m","joshua","neumann","846240682","615","20-24","B",11
"158",658,"m","nicholas","dixon","223972407","905","35-44","E",11
"159",659,"m","brodie","tetija","847405808","611","45-54","E",11
"160",660,"m","matthew","smithson","826816897","905","25-34","E",11
"161",661,"f","tanyshah","alves","306206616","905","45-54","D",11
"162",662,"f","erin","shepherd","212870630","615","35-44","E",11
"163",663,"m","joshua","wilkins","383725971","604","55-59","D",11
"164",664,"f","kirra","delacy","341811231","615","35-44","E",11
"165",665,"f","jorja","george","316955286","602","35-44","B",11
"166",666,"m","joel","sbona","378911779","602","35-44","B",11
"167",667,"f","courtney","weetra","335736482","606","45-54","B",11
"168",668,"m","xepheren","nelsen","289495359","905","45-54","B",11
"169",669,"m","michael","meaney","707110909","913","25-34","D",11
"170",670,"m","jack","struzik","294382610","604","20-24","C",11
"171",671,"m","oscar","robson","865823650","902","25-34","B",11
"172",672,"f","karli","coleopy","742967116","605","55-59","A",11
"173",673,"f","teagan","mildren","835575277","904","45-54","H",11
"174",674,"m","eden","shepherd","307260213","614","45-54","B",11
"175",675,"f","brooke","dinnison","202475626","603","45-54","E",11
"176",676,"f","alexa-rose","berry","293055157","614","20-24","H",11
"177",677,"m","finley","eyre","810632417","905","45-54","E",11
"178",678,"m","joshua","miels","791259131","617","55-59","E",11
"179",679,"m","daniel","george","215035774","607","35-44","A",11
"180",680,"m","oliver","carbone","227862552","611","25-34","E",11
"181",681,"f","georgia","armanious","303390642","604","15-19","B",11
"182",682,"m","liam","mcphail","823424074","905","45-54","E",11
"183",683,"f","olivia","jongebloed","820849669","902","45-54","B",11
"184",684,"m","hayden","david","852554139","602","45-54","A",11
"185",685,"m","joshua","zaroufis","805461234","903","60-64","A",11
"186",686,"f","tahlia","boase","294210802","602","35-44","A",11
"187",687,"m","angus","berry","379123130","903","45-54","E",11
"188",688,"f","willow","arvanitakis","317238580","913","20-24","E",11
"189",689,"f","ruby","spourdos","834091611","906","25-34","E",11
"190",690,"m","brody","ang","785723689","605","65p","B",11
"191",691,"m","sean","thurlow","357180480","607","45-54","B",11
"192",692,"f","sophie","maynard","204048196","602","25-34","E",11
"193",693,"f","jessica","jessup","898671062","617","25-34","C",11
"194",694,"m","latham","nguyen","276840365","611","35-44","B",11
"195",695,"m","archer","andresen","225172973","905","45-54","F",11
"196",696,"m","liam","thorpe","362206004","905","35-44","G",11
"197",697,"m","damien","mostris","872234142","913","25-34","B",11
"198",698,"f","roisin","campbell","729631071","602","35-44","E",11
"199",699,"m","jai","goldsworthy","329987859","607","55-59","C",11
"200",700,"f","nikita","hamley","435933170","612","55-59","E",11
"201",701,"f","hanna","collier","778942186","905","35-44","E",11
"202",702,"f","christina","storozjenko","373927213","611","35-44","B",11
"203",703,"f","emiily","passmore","421171313","615","35-44","H",11
"204",704,"f","madeleine","marinos","473686799","605","15-19","D",11
"205",705,"f","emiily","shepherd","780129022","602","60-64","B",11
"206",706,"m","harry","madigan","421370265","600","20-24","E",11
"207",707,"m","oliver","mulquiney","700238730","612","35-44","D",11
"208",708,"f","jennifer","matthews","406826747","902","20-24","C",11
"209",709,"f","jenna","suine","462760749","615","35-44","B",11
"210",710,"f","lucy","matthews","308160651","902","35-44","B",11
"211",711,"f","taylah","green","466402488","906","35-44","C",11
"212",712,"m","james","pilkinton","797572756","602","25-34","B",11
"213",713,"f","annabelle","fitzpatrick","291815284","611","35-44","C",11
"214",714,"f","katherine","green","324254659","904","65p","B",11
"215",715,"f","chelsea","meadows","232074837","614","35-44","A",11
"216",716,"f","stephanie","simmonds","290809632","617","55-59","B",11
"217",717,"m","harry","mezic","360083445","611","45-54","B",11
"218",718,"f","ebony","campbell","477995295","605","45-54","E",11
"219",719,"f","vendula","coppinger","294802251","611","15-19","F",11
"220",720,"m","connor","ryan","408063130","604","35-44","E",11
"221",721,"m","jared","burkevics","488838319","615","45-54","B",11
"222",722,"m","riley","moody","348950210","615","35-44","E",11
"223",723,"f","charlotte","lowe","797526430","602","20-24","B",11
"224",724,"m","aaron","rundle","462270514","913","25-34","E",11
"225",725,"f","hannah","bishop","302009422","905","35-44","B",11
"226",726,"f","grace","leslie","245261535","605","25-34","B",11
"227",727,"m","dylan","tiller","487559955","607","20-24","A",11
"228",728,"f","meg","bradshaw","764290363","602","45-54","E",11
"229",729,"m","thomas","webb","292226180","615","25-34","C",11
"230",730,"f","neve","beelitz","890062474","905","55-59","G",11
"231",731,"m","riley","wojciechowski","408987788","606","55-59","B",11
"232",732,"f","emiily","campbell","467930520","904","25-34","C",11
"233",733,"f","lillian","dent","882258573","603","35-44","A",11
"234",734,"f","sophie","maclaine","707911495","904","35-44","B",11
"235",735,"f","makayla","brazzalotto","301152138","902","65p","E",11
"236",736,"f","monique","excell","296292923","615","15-19","D",11
"237",737,"f","lucy","canton","727156824","611","45-54","A",11
"238",738,"f","lauren","herbert","884735645","615","35-44","A",11
"239",739,"f","amber","selth","249911160","905","25-34","H",11
"240",740,"m","alexander","cannell","860313570","602","60-64","E",11
"241",741,"m","jackson","berry","843231051","617","25-34","B",11
"242",742,"m","william","edson","753541180","905","45-54","A",11
"243",743,"f","charlotte","mcgregor","485578056","611","45-54","B",11
"244",744,"m","joel","manfong","892472369","614","45-54","B",11
"245",745,"m","blake","matthews","342247240","605","15-19","H",11
"246",746,"m","benedict","herbert","487617836","615","20-24","C",11
"247",747,"m","kai","coleman","712479530","902","25-34","G",11
"248",748,"f","madison","pennell","713258286","606","25-34","F",11
"249",749,"m","joshua","white","702888510","905","25-34","A",11
"250",750,"f","talia","burkevics","431222885","903","55-59","C",11
"251",751,"m","pino","fysh","777353931","603","35-44","D",11
"252",752,"m","riley","longo","429557910","904","35-44","A",11
"253",753,"m","jack","middlebrook","442262801","605","20-24","H",11
"254",754,"f","chloe","lodge","250205111","617","60-64","H",11
"255",755,"m","shawn","franzin","765018734","612","45-54","D",11
"256",756,"f","catherine","potesky","305371873","615","45-54","D",11
"257",757,"f","kelsy","kempe","452023546","611","45-54","B",11
"258",758,"f","caitlin","neville","717125547","611","35-44","B",11
"259",759,"m","alex","wheatley","748105190","600","45-54","C",11
"260",760,"m","maconal","leong","272634790","615","45-54","F",11
"261",761,"f","jaimee","clarke","855526501","612","35-44","A",11
"262",762,"f","jacinta","crouch","856341078","905","35-44","E",11
"263",763,"m","jacob","nguyen","411917005","604","35-44","A",11
"264",764,"f","talia","nguyen","220677070","615","55-59","H",11
"265",765,"m","james","fitzpatrick","209608697","913","45-54","C",11
"266",766,"f","alexandra","watts-endresz","806058249","611","35-44","F",11
"267",767,"f","talissa","chandler","205732380","902","60-64","C",11
"268",768,"m","thomas","mcgregor","320575165","615","45-54","E",11
"269",769,"m","archer","ryan","465563308","611","45-54","C",11
"270",770,"f","mya","portlock","474185023","614","45-54","D",11
"271",771,"m","cameron","kammermann","702611939","602","60-64","B",11
"272",772,"f","ella","ryan","247696336","602","60-64","A",11
"273",773,"m","daniel","george","459198665","600","45-54","H",11
"274",774,"f","sophie","neville","239137810","602","45-54","A",11
"275",775,"f","erin","mason","723774674","611","25-34","H",11
"276",776,"f","bethany","donnison","434167604","612","25-34","B",11
"277",777,"f","lily","bondza","418434423","913","25-34","F",11
"278",778,"f","sophie","clarke","253122537","617","60-64","B",11
"279",779,"f","tabitha","secomb","294301104","602","35-44","C",11
"280",780,"f","madeleine","robson","258990514","611","20-24","H",11
"281",781,"f","emiily","bucks","230913408","617","20-24","H",11
"282",782,"m","joshua","hammer","827474990","615","25-34","C",11
"283",783,"m","tommy","klemm","211714409","913","35-44","E",11
"284",784,"m","mitchell","blake","865899866","602","25-34","B",11
"285",785,"m","aidan","basedow","833278359","902","45-54","E",11
"286",786,"f","ruby","dedicoat","722440701","614","45-54","D",11
"287",787,"m","todd","vincent","818561585","611","65p","B",11
"288",788,"f","emma","ayotte","825651378","611","35-44","B",11
"289",789,"f","ruby","spargo","343209143","611","35-44","B",11
"290",790,"m","riley","jolly","772716716","603","25-34","E",11
"291",791,"m","marco","hammer","875047210","615","45-54","G",11
"292",792,"m","oliver","hazell","707927304","617","25-34","F",11
"293",793,"m","nicholas","spajic","783710294","615","45-54","B",11
"294",794,"m","cameron","werrey","756015452","615","35-44","C",11
"295",795,"m","kade","woodlock","352936377","602","20-24","C",11
"296",796,"m","tommy","chav","387651321","604","25-34","B",11
"297",797,"f","emiily","roles","316265534","600","25-34","F",11
"298",798,"f","brianna","bishop","242751438","902","25-34","B",11
"299",799,"m","daniel","highmore","336847527","604","15-19","A",11
"300",800,"f","jade","holer","430873441","606","60-64","H",11
"301",801,"m","edward","hanigan","771372247","617","55-59","E",11
"302",802,"f","ashleigh","wapper","290683557","611","45-54","E",11
"303",803,"f","sarah","white","375465982","614","25-34","C",11
"304",804,"m","thomas","gani","898223220","617","25-34","C",11
"305",805,"m","lachlan","snelling","484854762","607","45-54","E",11
"306",806,"f","emiily","nguyen","420023102","614","45-54","A",11
"307",807,"f","caitlin","bridgland","374838522","607","45-54","A",11
"308",808,"m","william","white","882219267","602","55-59","D",11
"309",809,"f","sophie","badman","725216524","615","65p","B",11
"310",810,"m","eden","hingston","845244661","605","25-34","B",11
"311",811,"m","louis","plane","425244812","605","20-24","E",11
"312",812,"f","yasmin","ryan","231881136","614","45-54","B",11
"313",813,"m","xepheren","melzner","715836813","607","15-19","F",11
"314",814,"f","tara","mastripolito","402688027","615","45-54","C",11
"315",815,"m","dylan","ovens","231229970","904","15-19","H",11
"316",816,"m","warrick","elsworth","478456707","606","20-24","C",11
"317",817,"m","cooper","miles","737288214","602","35-44","E",11
"318",818,"m","benjamin","mccarthy","339120343","603","45-54","E",11
"319",819,"m","william","leaver","209242747","905","35-44","A",11
"320",820,"m","quinn","healsmith","496775468","602","35-44","A",11
"321",821,"m","benjamin","noble","334909393","905","45-54","B",11
"322",822,"m","silas","dibben","818053861","617","25-34","E",11
"323",823,"f","lucy","heuer","410528355","600","60-64","C",11
"324",824,"m","jacob","abdel salam","800315535","606","45-54","E",11
"325",825,"f","destynii","evison","755270332","906","45-54","D",11
"326",826,"m","alexander","noble","406107741","612","25-34","F",11
"327",827,"m","aidan","nguyen","288228352","615","35-44","B",11
"328",828,"m","bodhi","mislov","713684919","615","45-54","B",11
"329",829,"m","beau","mccarthy","307432573","902","60-64","B",11
"330",830,"f","matilda","snell","313704659","607","55-59","H",11
"331",831,"m","joshua","nguyen","267378731","617","25-34","B",11
"332",832,"m","nathan","lahey","893290439","606","45-54","F",11
"333",833,"f","grace","waller","863361579","614","25-34","E",11
"334",834,"m","joshua","callahan","387559345","612","25-34","F",11
"335",835,"m","hamish","hauser","265233849","611","45-54","A",11
"336",836,"f","megan","malbasic","747883931","615","60-64","B",11
"337",837,"f","chloe","coleman","219233002","614","35-44","D",11
"338",838,"m","louis","saccardo","727515236","906","55-59","D",11
"339",839,"m","connor","jesser","485569508","605","25-34","B",11
"340",840,"m","hamish","compton","372355015","611","25-34","A",11
"341",841,"m","hayden","browne","767306711","611","15-19","F",11
"342",842,"m","jed","tertipis","292153033","605","25-34","C",11
"343",843,"f","amelia","reece","732712689","906","55-59","B",11
"344",844,"f","kiera","harrington","211816973","606","45-54","H",11
"345",845,"f","ebony","tlauka","752736855","607","20-24","D",11
"346",846,"f","sarah","matthews","486755366","607","15-19","F",11
"347",847,"f","elana","weaver","349748387","611","35-44","A",11
"348",848,"f","shona","flatman","755562762","615","25-34","D",11
"349",849,"f","zarlia","reid","286079826","603","45-54","B",11
"350",850,"f","alyssa","robson","371074596","602","35-44","F",11
"351",851,"f","madison","green","333679253","611","25-34","A",11
"352",852,"m","lucas","white","272832145","611","20-24","D",11
"353",853,"m","joseph","hope","819134210","607","45-54","D",11
"354",854,"f","sarah","webb","286769493","903","35-44","D",11
"355",855,"f","kailey","mason","356777081","614","45-54","D",11
"356",856,"f","isabella","o'shannessy","892182749","614","35-44","C",11
"357",857,"f","taylah","goldsworthy","346724357","612","25-34","D",11
"358",858,"f","zara","pyper","214766593","913","25-34","A",11
"359",859,"m","joshua","cowell","241375252","612","55-59","E",11
"360",860,"f","giuliana","mcandrew","773768758","903","55-59","E",11
"361",861,"m","logan","trenerry","461789695","611","55-59","A",11
"362",862,"f","saara","gazzola","202242152","602","35-44","E",11
"363",863,"f","sophie","denholm","240171147","605","35-44","A",11
"364",864,"f","alicia","mestrov","386015744","913","25-34","C",11
"365",865,"m","hari","arbuckle","384947705","607","55-59","D",11
"366",866,"f","charlotte","burman","899820577","903","25-34","G",11
"367",867,"m","christopher","kerslake","269070928","604","35-44","C",11
"368",868,"f","alissa","smallacombe","890602471","905","45-54","B",11
"369",869,"m","alexander","fenwick","413819953","905","35-44","B",11
"370",870,"m","joel","cording","443955711","607","25-34","F",11
"371",871,"m","lachlan","shepherd","411795394","615","25-34","G",11
"372",872,"m","tommi-lee","everett","343868654","611","45-54","E",11
"373",873,"m","hayden","edgoose","276967434","902","45-54","H",11
"374",874,"m","harrison","stephenson","881653617","614","15-19","F",11
"375",875,"m","danjel","campbell","833060358","617","60-64","A",11
"376",876,"f","ruby","compagne","859612551","905","45-54","E",11
"377",877,"f","alana","malala","227591364","617","35-44","E",11
"378",878,"m","kobe","drilling","789450490","614","55-59","E",11
"379",879,"m","callum","valentini","857280673","611","45-54","A",11
"380",880,"f","mia","leitis","778629312","612","25-34","F",11
"381",881,"f","erin","robson","765401323","611","35-44","E",11
"382",882,"f","emma","warneke","225133531","615","35-44","A",11
"383",883,"m","joe","droegemueller","218211951","612","20-24","E",11
"384",884,"f","bianca","berryman","288070018","604","25-34","B",11
"385",885,"m","jordan","green","405642722","603","45-54","G",11
"386",886,"m","benjamin","clapham","764967555","602","35-44","B",11
"387",887,"f","tansy","clarke","720847150","615","20-24","D",11
"388",888,"m","jordan","belperio","701869220","900","20-24","A",11
"389",889,"f","courtney","groenewege","406241484","905","35-44","C",11
"390",890,"m","dean","eglinton","787773248","902","60-64","B",11
"391",891,"f","chelsea","paine","858705066","913","45-54","E",11
"392",892,"f","matilda","white","854655061","602","35-44","B",11
"393",893,"m","flynn","condo","891980237","615","55-59","F",11
"394",894,"m","gus","spromk","307873931","603","15-19","F",11
"395",895,"f","holly","mason","358401576","902","20-24","C",11
"396",896,"f","chloe","robson","386489753","614","35-44","B",11
"397",897,"f","isabelle","giannoni","287380886","611","35-44","C",11
"398",898,"f","chloe","needham","720800266","905","15-19","F",11
"399",899,"m","flynn","hyland","461858999","902","15-19","G",11
"400",900,"f","imogen","dixon","819140379","607","35-44","D",11
"401",901,"m","michael","moody","743561052","617","35-44","F",11
"402",902,"f","jasmine","newbound","725345125","904","35-44","B",11
"403",903,"m","matthew","lowe","784078505","614","55-59","E",11
"404",904,"f","caitlin","goy","421163047","906","15-19","F",11
"405",905,"m","michael","mason","337164321","614","45-54","F",11
"406",906,"f","juliana","berry","250294705","913","45-54","D",11
"407",907,"m","cooper","noble","713407031","602","25-34","B",11
"408",908,"m","cooper","campbell","704763650","903","45-54","F",11
"409",909,"m","jordan","weaver","261846552","615","45-54","F",11
"410",910,"m","matthew","clarke","817783972","913","45-54","C",11
"411",911,"f","sophie","cuming","343830174","600","25-34","F",11
"412",912,"f","niamh","mcgregor","394340686","902","45-54","G",11
"413",913,"m","kyle","wasley","835339685","603","25-34","C",11
"414",914,"m","callum","iffland","809171230","611","25-34","B",11
"415",915,"m","thomas","pulford","241570216","913","35-44","B",11
"416",916,"m","zachary","reid","436487641","903","20-24","F",11
"417",917,"m","oscar","lutz","831233448","903","65p","C",11
"418",918,"f","tori","reece","300125984","906","15-19","C",11
"419",919,"f","gracie","fitzpatrick","857485822","614","65p","A",11
"420",920,"f","rosie","matthews","458504542","614","35-44","B",11
"421",921,"f","phoebe","reid","434765466","615","55-59","A",11
"422",922,"m","charlie","wevill","308069165","905","20-24","C",11
"423",923,"m","keegan","campbell","346852815","904","20-24","B",11
"424",924,"m","cameron","humphreys","737774989","614","55-59","D",11
"425",925,"m","sebastian","mason","232120143","602","15-19","F",11
"426",926,"f","jasmyn","barritt","443026800","614","35-44","B",11
"427",927,"m","jacob","winfield","895234868","902","25-34","H",11
"428",928,"m","luke","ryan","205289265","615","15-19","E",11
"429",929,"f","taylah","mason","729918323","913","25-34","D",11
"430",930,"f","adriana","stubbs","817589329","612","35-44","A",11
"431",931,"f","jessica","willing","235929813","902","55-59","G",11
"432",932,"f","chloe","perre","745016001","615","25-34","A",11
"433",933,"f","katelyn","kilmartin","739158106","914","25-34","B",11
"434",934,"m","lewis","wynne","755453585","906","45-54","D",11
"435",935,"m","jake","gillis","308836091","611","25-34","D",11
"436",936,"m","cameron","ryan","204617223","905","60-64","D",11
"437",937,"f","talia","watkin","468064762","904","55-59","A",11
"438",938,"f","sophie","lategui","222602204","612","45-54","H",11
"439",939,"m","braedon","white","434412035","615","25-34","B",11
"440",940,"f","amber","rachid","899600929","611","35-44","F",11
"441",941,"f","niamh","mitton","494264351","614","65p","H",11
"442",942,"f","holly","nurse","885426605","615","55-59","A",11
"443",943,"m","joe","burgar","387619620","600","35-44","E",11
"444",944,"m","joshua","clarke","399220907","913","25-34","B",11
"445",945,"m","samuel","riddell","212399807","615","20-24","F",11
"446",946,"m","joshua","vlach","861098902","904","20-24","E",11
"447",947,"f","stephanie","burford","289403125","903","45-54","B",11
"448",948,"f","lilian","ryan","747005129","903","45-54","A",11
"449",949,"f","madison","reid","895020571","611","25-34","H",11
"450",950,"m","oliver","berresford","738627994","614","45-54","E",11
"451",951,"f","kirra","potticary","833073060","617","25-34","C",11
"452",952,"f","lara","white","863367155","611","35-44","H",11
"453",953,"m","max","harrington","792591828","906","55-59","B",11
"454",954,"m","eden","herbert","382078719","906","45-54","B",11
"455",955,"m","hugh","blackwell","786679429","615","20-24","E",11
"456",956,"f","georgia","ebert","227532289","607","35-44","D",11
"457",957,"m","timothy","white","857704383","607","25-34","A",11
"458",958,"m","jesse","clarke","750999834","617","65p","A",11
"459",959,"m","zachariah","wilkins","804578606","903","25-34","B",11
"460",960,"f","chelsea","neville","369790022","905","35-44","E",11
"461",961,"m","kye","white","425328374","611","45-54","F",11
"462",962,"m","jordan","bradshaw","219097517","611","20-24","C",11
"463",963,"m","thomas","athans","895993375","905","20-24","A",11
"464",964,"m","andrew","hyland","470915798","607","45-54","B",11
"465",965,"m","hamish","lissner","227580884","602","25-34","G",11
"466",966,"m","william","coulls","423956235","614","35-44","E",11
"467",967,"f","holly","hare","397794854","611","25-34","H",11
"468",968,"f","simone","green","268361862","602","20-24","A",11
"469",969,"f","katelyn","zbierski","238853677","611","35-44","E",11
"470",970,"m","harrison","shepherdson","737216536","905","35-44","A",11
"471",971,"m","benjamin","weate","203538704","618","55-59","B",11
"472",972,"m","alex","wytkin","427477915","614","35-44","B",11
"473",973,"f","marley","webb","235434517","607","45-54","E",11
"474",974,"f","ava","green","740404468","615","20-24","G",11
"475",975,"f","mikhayla","stanley","817480495","905","55-59","H",11
"476",976,"m","patrick","berryman","374272780","905","45-54","B",11
"477",977,"f","sonja","green","227401058","612","55-59","H",11
"478",978,"m","blake","binns","736253372","605","20-24","E",11
"479",979,"f","courtney","cannons","831158725","913","25-34","C",11
"480",980,"m","jake","weller","224196786","614","45-54","B",11
"481",981,"m","harrison","clarke","412615733","904","15-19","F",11
"482",982,"f","alana","hewson","718760301","905","45-54","C",11
"483",983,"f","shai","geue","418876655","617","35-44","H",11
"484",984,"f","claudia","render","817191362","903","45-54","B",11
"485",985,"f","nicole","stubbs","212961238","614","45-54","C",11
"486",986,"f","jessica","mamarika","317779762","906","35-44","H",11
"487",987,"m","joshua","crossman","879050318","612","60-64","E",11
"488",988,"m","jarryd","hearn","398844439","602","45-54","D",11
"489",989,"f","lara","jancek","303548416","611","15-19","D",11
"490",990,"m","sebastian","hope","474094379","614","20-24","B",11
"491",991,"f","naomi","hamblin","473838630","611","35-44","B",11
"492",992,"f","rebecca","gogel","268508746","615","55-59","C",11
"493",993,"f","tayah","stephenson","268325382","602","45-54","A",11
"494",994,"m","matthew","lipsett","850315140","903","60-64","G",11
"495",995,"f","victoria","hyland","859393313","905","45-54","H",11
"496",996,"f","sophie","galnadiwuy","355861504","905","35-44","B",11
"497",997,"m","lucas","mahon","742008139","615","55-59","E",11
"498",998,"f","teagan","campbell","749543639","611","65p","A",11
"499",999,"m","jayden","verner","403996285","615","35-44","B",11
"500",1000,"m","robert","katnich","817112706","615","45-54","A",11
